[{"model": "event.users", "pk": 5, "fields": {"user": 6, "avatar_user": ""}}, {"model": "event.eventtype", "pk": 1, "fields": {"name_type": "Spectale musical"}}, {"model": "event.eventtype", "pk": 2, "fields": {"name_type": "Meeting"}}, {"model": "event.eventtype", "pk": 3, "fields": {"name_type": "Représentation théâtrale"}}, {"model": "event.hallcategory", "pk": 1, "fields": {"hall_category": "Men only"}}, {"model": "event.hallcategory", "pk": 2, "fields": {"hall_category": "-15ans only"}}, {"model": "event.hallcategory", "pk": 3, "fields": {"hall_category": "+65 ans only"}}, {"model": "event.hallcategory", "pk": 4, "fields": {"hall_category": "- 24 ans only"}}, {"model": "event.material", "pk": 1, "fields": {"category_material": "Instruments"}}, {"model": "event.material", "pk": 2, "fields": {"category_material": "Materiel pour meeting"}}, {"model": "event.material", "pk": 3, "fields": {"category_material": "Matériel pour théâtre"}}, {"model": "event.artist", "pk": 1, "fields": {"name_artist": "Chester Bennington", "skill_artist": "Chanteur principal", "pics_artist": "picsArtist/Linkin_Park-Rock_im_Park_2014-_by_2eight_3SC0327.jpg"}}, {"model": "event.artist", "pk": 2, "fields": {"name_artist": "Mike Shinoda", "skill_artist": "Piano", "pics_artist": "picsArtist/Mike-Shinoda.jpg"}}, {"model": "event.artist", "pk": 3, "fields": {"name_artist": "Joe Hahn", "skill_artist": "Platine", "pics_artist": "picsArtist/Joe.webp"}}, {"model": "event.artist", "pk": 4, "fields": {"name_artist": "Brad Delson", "skill_artist": "Guitare, Bassiste", "pics_artist": "picsArtist/Braddelson2010kroq.png"}}, {"model": "event.artist", "pk": 5, "fields": {"name_artist": "Matthew Bellamy", "skill_artist": "Chanteur principal", "pics_artist": "picsArtist/matt_artist_2.jpg"}}, {"model": "event.artist", "pk": 6, "fields": {"name_artist": "Christopher Wolstenholme", "skill_artist": "Bassiste", "pics_artist": "picsArtist/chris-wolstenholme-bassiste-muse-1.jpg"}}, {"model": "event.artist", "pk": 7, "fields": {"name_artist": "Dominic Howard", "skill_artist": "Batteur", "pics_artist": "picsArtist/18064999.jpg"}}, {"model": "event.artist", "pk": 8, "fields": {"name_artist": "Shakira", "skill_artist": "Chanteuse", "pics_artist": "picsArtist/shakira-dit-non-au-mariage-avec-gerard-pique.jpg"}}, {"model": "event.artist", "pk": 9, "fields": {"name_artist": "Bono", "skill_artist": "Chanteur principal", "pics_artist": "picsArtist/800px-Bono_singing_in_Indianapolis_on_Joshua_Tree_Tour_2017_9-10-17.jpg"}}, {"model": "event.artist", "pk": 10, "fields": {"name_artist": "The Edge", "skill_artist": "Bassiste", "pics_artist": "picsArtist/The-Edge-Fortune-2020-age-taille-poids-femme-enfants.jpg"}}, {"model": "event.artist", "pk": 11, "fields": {"name_artist": "Adam Clayton", "skill_artist": "Bassiste", "pics_artist": "picsArtist/Adam_Clayton_in_San_Jose_on_Experience_and_Innocence_Tour_5-8-18.jpg"}}, {"model": "event.artist", "pk": 12, "fields": {"name_artist": "Larry Mullen Jr.", "skill_artist": "Batterie", "pics_artist": "picsArtist/Larry_Mullen_Jr_in_Dublin_Nov_27_2015.jpg"}}, {"model": "event.artist", "pk": 13, "fields": {"name_artist": "Daler Mehndi", "skill_artist": "Chanteur", "pics_artist": "picsArtist/264x264.jpg"}}, {"model": "event.artist", "pk": 14, "fields": {"name_artist": "Rahis Bharti", "skill_artist": "Chanteur", "pics_artist": "picsArtist/qcqscqscqsc.png"}}, {"model": "event.artist", "pk": 15, "fields": {"name_artist": "Sylvain Durif", "skill_artist": "Intervenant", "pics_artist": "picsArtist/85MMa5RO_400x400.jpg"}}, {"model": "event.artist", "pk": 16, "fields": {"name_artist": "Eddy Malou", "skill_artist": "Scientifique", "pics_artist": "picsArtist/IMG-20201120-WA0028.jpg"}}, {"model": "event.groups", "pk": 1, "fields": {"name_group": "Muse", "type_group": "Rock alternatif, rock progressif,", "pics_group": "picsArtist/muse-photo.jpg", "artist": [5, 6, 7]}}, {"model": "event.groups", "pk": 2, "fields": {"name_group": "Linkin Park", "type_group": "metal alternatif, rap rock, rock électronique", "pics_group": "picsArtist/Linkin-Park-2019-02-21-Rock.jpg", "artist": [1, 2, 3, 4]}}, {"model": "event.groups", "pk": 3, "fields": {"name_group": "Shakira", "type_group": "Latino, Pop", "pics_group": "picsArtist/6049ffb2dca240.41022241.png", "artist": [8]}}, {"model": "event.groups", "pk": 4, "fields": {"name_group": "U2", "type_group": "Rock Alternatif; Post-Punk; Pop Rock", "pics_group": "picsArtist/U2concert.jpg", "artist": [9, 10, 11, 12]}}, {"model": "event.groups", "pk": 5, "fields": {"name_group": "Daler Mehndi", "type_group": "Indian musique", "pics_group": "picsArtist/Daler-Mehndi.jpg", "artist": [13]}}, {"model": "event.groups", "pk": 6, "fields": {"name_group": "Bollywood Masala Orchestra", "type_group": "Indian musique", "pics_group": "picsArtist/ddazda.png", "artist": [14]}}, {"model": "event.groups", "pk": 7, "fields": {"name_group": "Le grand Monarque", "type_group": "Intervenant Politique", "pics_group": "picsArtist/Sylvain_Durif_Invoquant_la_vierge_Marie.jpg", "artist": [15]}}, {"model": "event.groups", "pk": 8, "fields": {"name_group": "Savant de la République démocratique du Congo", "type_group": "Sciences politiques du Congo", "pics_group": "picsArtist/maxresdefault.jpg", "artist": [16]}}, {"model": "event.events", "pk": 1, "fields": {"name_event": "THE SOUND OF U2", "av_ticket": 499, "begin_date": "2022-04-01T16:00:00Z", "end_date": "2022-04-07T16:00:00Z", "description_event": "THE SOUND OF U2  Tour est une tournée du groupe irlandais U2, débutée le 30 juin 2021 à Barcelone et d'une durée totale de plus de deux ans. Conçue pour promouvoir l'album No Line on the Horizon.", "type": 1, "group": [4]}}, {"model": "event.events", "pk": 2, "fields": {"name_event": "El Dorado", "av_ticket": 499, "begin_date": "2022-05-01T18:00:00Z", "end_date": "2022-04-10T18:00:00Z", "description_event": "El Dorado est le onzième album studio de l'auteure-compositrice-interprète colombienne Shakira, sorti en mai 2017, qui sera suivi d'une tournée mondiale « El Dorado World Tour »", "type": 1, "group": [3]}}, {"model": "event.events", "pk": 3, "fields": {"name_event": "Linkin Park Tribute 2022", "av_ticket": 499, "begin_date": "2022-04-20T18:00:00Z", "end_date": "2022-04-29T18:00:00Z", "description_event": "C'est en 1996 que LINKIN PARK fait ses débuts dans un petit studio, en réalité la chambre à coucher de Mike Shinoda le MC du groupe. C'est ici que vont naître les premiers morceaux qui composeront l'album Hybrid Theory.", "type": 1, "group": [2]}}, {"model": "event.events", "pk": 4, "fields": {"name_event": "Muse", "av_ticket": 500, "begin_date": "2022-03-20T19:00:00Z", "end_date": "2022-03-31T18:00:00Z", "description_event": "Emmené par le charismatique Mathew Belamy, le trio a su s'imposer entre Nirvana et Radiohead. L'un des plus grands groupes de rock de la planète.", "type": 1, "group": [1]}}, {"model": "event.events", "pk": 5, "fields": {"name_event": "Tunak Tunak Tun", "av_ticket": 500, "begin_date": "2022-05-01T18:00:00Z", "end_date": "2022-06-01T18:00:00Z", "description_event": "En 1998, Mehndi sort l'album Tunak Tunak Tun, une chanson d'amour. Le clip, mettant en scène Daler Mehndi lui-même cloné en quatre grâce à la technique de l'écran bleu (qu'il est le premier à utiliser en Inde) portant des costumes de couleur.", "type": 1, "group": [5]}}, {"model": "event.events", "pk": 6, "fields": {"name_event": "Bollywood Masala Show", "av_ticket": 500, "begin_date": "2022-11-01T19:00:00Z", "end_date": "2022-11-22T19:00:00Z", "description_event": "Aujourd'hui et pour la première fois le Bollywood Masala Orchestra vous embarque pour un voyage au nord de l'Inde, du Rajasthan à Mumbai (Bombay). Seize artistes, musiciens, chanteurs, danseuses, acrobates, cracheurs de feu, tous professionnels.", "type": 3, "group": [6]}}, {"model": "event.events", "pk": 7, "fields": {"name_event": "Le Christ Cosmique", "av_ticket": 5, "begin_date": "2022-07-10T00:00:00Z", "end_date": "2022-07-16T00:00:00Z", "description_event": "Je suis le Grand Monarque, le Christ Cosmique, le Messie, le Roi , le Pape Pierre et le Président de la gouvernance pacifique planétaire et cosmique Elvita.", "type": 2, "group": [7]}}, {"model": "event.events", "pk": 8, "fields": {"name_event": "La congolexicomatisation des lois du marché", "av_ticket": 300, "begin_date": "2022-09-02T16:30:00Z", "end_date": "2022-09-14T16:30:00Z", "description_event": "Le savant évoque en effet une multitude de termes, à première vue sans liens logiques les rassemblant, avec une rapidité déconcertante aussi bien pour le journaliste que pour les internautes. L’interview devient populaire en 2013, année où elle est postée", "type": 2, "group": [8]}}, {"model": "event.halls", "pk": 1, "fields": {"name_hall": "Salle Kheandee", "size_hall": 500, "material": 1, "event": 2, "hall_category": [2]}}, {"model": "event.halls", "pk": 2, "fields": {"name_hall": "Salle Gokool", "size_hall": 500, "material": 1, "event": 4, "hall_category": [4]}}, {"model": "event.halls", "pk": 3, "fields": {"name_hall": "Salle Ace", "size_hall": 500, "material": 1, "event": 1, "hall_category": [1]}}, {"model": "event.halls", "pk": 4, "fields": {"name_hall": "Salle Mojo", "size_hall": 500, "material": 1, "event": 3, "hall_category": [3]}}, {"model": "event.achat", "pk": 26, "fields": {"event": 2, "user": 6, "billets_user": 1}}, {"model": "event.achat", "pk": 27, "fields": {"event": 3, "user": 6, "billets_user": 1}}, {"model": "event.achat", "pk": 28, "fields": {"event": 1, "user": 1, "billets_user": 1}}, {"model": "admin.logentry", "pk": 1, "fields": {"action_time": "2022-03-26T17:15:03.768Z", "user": 1, "content_type": 5, "object_id": "1", "object_repr": "Spectale musical", "action_flag": 1, "change_message": "[{\"added\": {}}]"}}, {"model": "admin.logentry", "pk": 2, "fields": {"action_time": "2022-03-26T17:15:10.248Z", "user": 1, "content_type": 5, "object_id": "2", "object_repr": "Meeting", "action_flag": 1, "change_message": "[{\"added\": {}}]"}}, {"model": "admin.logentry", "pk": 3, "fields": {"action_time": "2022-03-26T17:15:14.376Z", "user": 1, "content_type": 5, "object_id": "3", "object_repr": "Représentation théâtrale", "action_flag": 1, "change_message": "[{\"added\": {}}]"}}, {"model": "admin.logentry", "pk": 4, "fields": {"action_time": "2022-03-26T17:22:42.603Z", "user": 1, "content_type": 2, "object_id": "1", "object_repr": "Chester Bennington Chanteur principal", "action_flag": 1, "change_message": "[{\"added\": {}}]"}}, {"model": "admin.logentry", "pk": 5, "fields": {"action_time": "2022-03-26T17:23:07.132Z", "user": 1, "content_type": 2, "object_id": "2", "object_repr": "Mike Shinoda Piano", "action_flag": 1, "change_message": "[{\"added\": {}}]"}}, {"model": "admin.logentry", "pk": 6, "fields": {"action_time": "2022-03-26T17:23:27.207Z", "user": 1, "content_type": 2, "object_id": "3", "object_repr": "Joe Hahn Platine", "action_flag": 1, "change_message": "[{\"added\": {}}]"}}, {"model": "admin.logentry", "pk": 7, "fields": {"action_time": "2022-03-26T17:23:56.977Z", "user": 1, "content_type": 2, "object_id": "4", "object_repr": "Brad Delson Guitare, Bassiste", "action_flag": 1, "change_message": "[{\"added\": {}}]"}}, {"model": "admin.logentry", "pk": 8, "fields": {"action_time": "2022-03-26T17:24:22.741Z", "user": 1, "content_type": 2, "object_id": "5", "object_repr": "Matthew Bellamy Chanteur principal", "action_flag": 1, "change_message": "[{\"added\": {}}]"}}, {"model": "admin.logentry", "pk": 9, "fields": {"action_time": "2022-03-26T17:24:48.028Z", "user": 1, "content_type": 2, "object_id": "6", "object_repr": "Christopher Wolstenholme Bassiste", "action_flag": 1, "change_message": "[{\"added\": {}}]"}}, {"model": "admin.logentry", "pk": 10, "fields": {"action_time": "2022-03-26T17:25:05.732Z", "user": 1, "content_type": 2, "object_id": "7", "object_repr": "Dominic Howard Batteur", "action_flag": 1, "change_message": "[{\"added\": {}}]"}}, {"model": "admin.logentry", "pk": 11, "fields": {"action_time": "2022-03-26T17:27:17.392Z", "user": 1, "content_type": 10, "object_id": "1", "object_repr": "Muse Rock alternatif, rock progressif,", "action_flag": 1, "change_message": "[{\"added\": {}}]"}}, {"model": "admin.logentry", "pk": 12, "fields": {"action_time": "2022-03-26T17:27:43.045Z", "user": 1, "content_type": 10, "object_id": "2", "object_repr": "Linkin Park metal alternatif, rap rock, rock électronique", "action_flag": 1, "change_message": "[{\"added\": {}}]"}}, {"model": "admin.logentry", "pk": 13, "fields": {"action_time": "2022-03-26T17:28:14.451Z", "user": 1, "content_type": 10, "object_id": "2", "object_repr": "Linkin Park metal alternatif, rap rock, rock électronique", "action_flag": 2, "change_message": "[{\"changed\": {\"fields\": [\"Pics group\"]}}]"}}, {"model": "admin.logentry", "pk": 14, "fields": {"action_time": "2022-03-26T17:29:04.477Z", "user": 1, "content_type": 2, "object_id": "8", "object_repr": "Shakira Chnateuse", "action_flag": 1, "change_message": "[{\"added\": {}}]"}}, {"model": "admin.logentry", "pk": 15, "fields": {"action_time": "2022-03-26T17:29:50.197Z", "user": 1, "content_type": 10, "object_id": "3", "object_repr": "Shakira Latino, Pop", "action_flag": 1, "change_message": "[{\"added\": {}}]"}}, {"model": "admin.logentry", "pk": 16, "fields": {"action_time": "2022-03-26T17:30:00.867Z", "user": 1, "content_type": 2, "object_id": "8", "object_repr": "Shakira Chanteuse", "action_flag": 2, "change_message": "[{\"changed\": {\"fields\": [\"Skill artist\"]}}]"}}, {"model": "admin.logentry", "pk": 17, "fields": {"action_time": "2022-03-26T17:31:37.371Z", "user": 1, "content_type": 2, "object_id": "9", "object_repr": "Bono Chanteur principal", "action_flag": 1, "change_message": "[{\"added\": {}}]"}}, {"model": "admin.logentry", "pk": 18, "fields": {"action_time": "2022-03-26T17:31:51.841Z", "user": 1, "content_type": 2, "object_id": "10", "object_repr": "The Edge Bassiste", "action_flag": 1, "change_message": "[{\"added\": {}}]"}}, {"model": "admin.logentry", "pk": 19, "fields": {"action_time": "2022-03-26T17:32:02.854Z", "user": 1, "content_type": 2, "object_id": "11", "object_repr": "Adam Clayton Bassiste", "action_flag": 1, "change_message": "[{\"added\": {}}]"}}, {"model": "admin.logentry", "pk": 20, "fields": {"action_time": "2022-03-26T17:32:27.922Z", "user": 1, "content_type": 2, "object_id": "12", "object_repr": "Larry Mullen Jr. Batterie", "action_flag": 1, "change_message": "[{\"added\": {}}]"}}, {"model": "admin.logentry", "pk": 21, "fields": {"action_time": "2022-03-26T17:33:11.439Z", "user": 1, "content_type": 10, "object_id": "4", "object_repr": "U2 Rock Alternatif; Post-Punk; Pop Rock", "action_flag": 1, "change_message": "[{\"added\": {}}]"}}, {"model": "admin.logentry", "pk": 22, "fields": {"action_time": "2022-03-26T17:34:07.692Z", "user": 1, "content_type": 4, "object_id": "1", "object_repr": " THE SOUND OF U2  500", "action_flag": 1, "change_message": "[{\"added\": {}}]"}}, {"model": "admin.logentry", "pk": 23, "fields": {"action_time": "2022-03-26T17:35:06.819Z", "user": 1, "content_type": 4, "object_id": "2", "object_repr": " El Dorado  500", "action_flag": 1, "change_message": "[{\"added\": {}}]"}}, {"model": "admin.logentry", "pk": 24, "fields": {"action_time": "2022-03-26T17:36:54.487Z", "user": 1, "content_type": 4, "object_id": "3", "object_repr": " Linkin Park Tribute 2022  500", "action_flag": 1, "change_message": "[{\"added\": {}}]"}}, {"model": "admin.logentry", "pk": 25, "fields": {"action_time": "2022-03-26T17:38:54.986Z", "user": 1, "content_type": 4, "object_id": "4", "object_repr": " Muse  500", "action_flag": 1, "change_message": "[{\"added\": {}}]"}}, {"model": "admin.logentry", "pk": 26, "fields": {"action_time": "2022-03-26T17:44:49.622Z", "user": 1, "content_type": 10, "object_id": "3", "object_repr": "Shakira Latino, Pop", "action_flag": 2, "change_message": "[{\"changed\": {\"fields\": [\"Pics group\"]}}]"}}, {"model": "admin.logentry", "pk": 27, "fields": {"action_time": "2022-03-26T17:45:53.998Z", "user": 1, "content_type": 10, "object_id": "3", "object_repr": "Shakira Latino, Pop", "action_flag": 2, "change_message": "[{\"changed\": {\"fields\": [\"Pics group\"]}}]"}}, {"model": "admin.logentry", "pk": 28, "fields": {"action_time": "2022-03-26T17:45:58.653Z", "user": 1, "content_type": 10, "object_id": "3", "object_repr": "Shakira Latino, Pop", "action_flag": 2, "change_message": "[{\"changed\": {\"fields\": [\"Pics group\"]}}]"}}, {"model": "admin.logentry", "pk": 29, "fields": {"action_time": "2022-03-26T17:46:43.817Z", "user": 1, "content_type": 10, "object_id": "2", "object_repr": "Linkin Park metal alternatif, rap rock, rock électronique", "action_flag": 2, "change_message": "[{\"changed\": {\"fields\": [\"Pics group\"]}}]"}}, {"model": "admin.logentry", "pk": 30, "fields": {"action_time": "2022-03-26T17:46:47.450Z", "user": 1, "content_type": 10, "object_id": "2", "object_repr": "Linkin Park metal alternatif, rap rock, rock électronique", "action_flag": 2, "change_message": "[{\"changed\": {\"fields\": [\"Pics group\"]}}]"}}, {"model": "admin.logentry", "pk": 31, "fields": {"action_time": "2022-03-26T21:34:25.068Z", "user": 1, "content_type": 10, "object_id": "4", "object_repr": "U2 Rock Alternatif; Post-Punk; Pop Rock", "action_flag": 2, "change_message": "[{\"changed\": {\"fields\": [\"Pics group\"]}}]"}}, {"model": "admin.logentry", "pk": 32, "fields": {"action_time": "2022-03-26T21:34:34.570Z", "user": 1, "content_type": 10, "object_id": "4", "object_repr": "U2 Rock Alternatif; Post-Punk; Pop Rock", "action_flag": 2, "change_message": "[{\"changed\": {\"fields\": [\"Pics group\"]}}]"}}, {"model": "admin.logentry", "pk": 33, "fields": {"action_time": "2022-03-26T21:37:39.615Z", "user": 1, "content_type": 10, "object_id": "3", "object_repr": "Shakira Latino, Pop", "action_flag": 2, "change_message": "[{\"changed\": {\"fields\": [\"Pics group\"]}}]"}}, {"model": "admin.logentry", "pk": 34, "fields": {"action_time": "2022-03-26T21:37:43.006Z", "user": 1, "content_type": 10, "object_id": "3", "object_repr": "Shakira Latino, Pop", "action_flag": 2, "change_message": "[{\"changed\": {\"fields\": [\"Pics group\"]}}]"}}, {"model": "admin.logentry", "pk": 35, "fields": {"action_time": "2022-03-27T15:34:09.500Z", "user": 1, "content_type": 8, "object_id": "2", "object_repr": "machala eleonore", "action_flag": 3, "change_message": ""}}, {"model": "admin.logentry", "pk": 36, "fields": {"action_time": "2022-03-27T15:34:09.505Z", "user": 1, "content_type": 8, "object_id": "1", "object_repr": "Leo Leo", "action_flag": 3, "change_message": ""}}, {"model": "admin.logentry", "pk": 37, "fields": {"action_time": "2022-03-27T15:34:33.643Z", "user": 1, "content_type": 1, "object_id": "2", "object_repr": "Achat object (2)", "action_flag": 3, "change_message": ""}}, {"model": "admin.logentry", "pk": 38, "fields": {"action_time": "2022-03-27T15:34:33.647Z", "user": 1, "content_type": 1, "object_id": "1", "object_repr": "Achat object (1)", "action_flag": 3, "change_message": ""}}, {"model": "admin.logentry", "pk": 39, "fields": {"action_time": "2022-03-27T15:34:45.661Z", "user": 1, "content_type": 4, "object_id": "1", "object_repr": " THE SOUND OF U2  500", "action_flag": 2, "change_message": "[{\"changed\": {\"fields\": [\"Av ticket\"]}}]"}}, {"model": "admin.logentry", "pk": 40, "fields": {"action_time": "2022-03-27T15:37:24.748Z", "user": 1, "content_type": 14, "object_id": "3", "object_repr": "e.machala", "action_flag": 3, "change_message": ""}}, {"model": "admin.logentry", "pk": 41, "fields": {"action_time": "2022-03-27T15:37:24.752Z", "user": 1, "content_type": 14, "object_id": "2", "object_repr": "l.leo", "action_flag": 3, "change_message": ""}}, {"model": "admin.logentry", "pk": 42, "fields": {"action_time": "2022-03-27T15:46:00.139Z", "user": 1, "content_type": 1, "object_id": "3", "object_repr": " 1", "action_flag": 1, "change_message": "[{\"added\": {}}]"}}, {"model": "admin.logentry", "pk": 43, "fields": {"action_time": "2022-03-27T18:30:39.320Z", "user": 1, "content_type": 1, "object_id": "7", "object_repr": " 0 y.yo El Dorado  500", "action_flag": 1, "change_message": "[{\"added\": {}}]"}}, {"model": "admin.logentry", "pk": 44, "fields": {"action_time": "2022-03-27T18:39:58.284Z", "user": 1, "content_type": 1, "object_id": "7", "object_repr": " 0 y.yo El Dorado  500", "action_flag": 3, "change_message": ""}}, {"model": "admin.logentry", "pk": 45, "fields": {"action_time": "2022-03-27T18:39:58.287Z", "user": 1, "content_type": 1, "object_id": "6", "object_repr": " 0 y.yo Muse  487", "action_flag": 3, "change_message": ""}}, {"model": "admin.logentry", "pk": 46, "fields": {"action_time": "2022-03-27T18:39:58.292Z", "user": 1, "content_type": 1, "object_id": "5", "object_repr": " 0 admin Muse  487", "action_flag": 3, "change_message": ""}}, {"model": "admin.logentry", "pk": 47, "fields": {"action_time": "2022-03-27T18:39:58.295Z", "user": 1, "content_type": 1, "object_id": "4", "object_repr": " 4 admin Linkin Park Tribute 2022  496", "action_flag": 3, "change_message": ""}}, {"model": "admin.logentry", "pk": 48, "fields": {"action_time": "2022-03-27T18:39:58.298Z", "user": 1, "content_type": 1, "object_id": "3", "object_repr": " 1 y.yo THE SOUND OF U2  500", "action_flag": 3, "change_message": ""}}, {"model": "admin.logentry", "pk": 49, "fields": {"action_time": "2022-03-27T18:59:49.127Z", "user": 1, "content_type": 4, "object_id": "4", "object_repr": " Muse  500", "action_flag": 2, "change_message": "[{\"changed\": {\"fields\": [\"Av ticket\"]}}]"}}, {"model": "admin.logentry", "pk": 50, "fields": {"action_time": "2022-03-27T18:59:55.592Z", "user": 1, "content_type": 4, "object_id": "3", "object_repr": " Linkin Park Tribute 2022  500", "action_flag": 2, "change_message": "[{\"changed\": {\"fields\": [\"Av ticket\"]}}]"}}, {"model": "admin.logentry", "pk": 51, "fields": {"action_time": "2022-03-27T19:00:13.101Z", "user": 1, "content_type": 1, "object_id": "8", "object_repr": " 0 g.tamoul El Dorado  500", "action_flag": 3, "change_message": ""}}, {"model": "admin.logentry", "pk": 52, "fields": {"action_time": "2022-03-27T19:00:20.570Z", "user": 1, "content_type": 14, "object_id": "5", "object_repr": "g.tamoul", "action_flag": 3, "change_message": ""}}, {"model": "admin.logentry", "pk": 53, "fields": {"action_time": "2022-03-27T19:00:20.574Z", "user": 1, "content_type": 14, "object_id": "4", "object_repr": "y.yo", "action_flag": 3, "change_message": ""}}, {"model": "admin.logentry", "pk": 54, "fields": {"action_time": "2022-03-28T08:11:29.766Z", "user": 1, "content_type": 1, "object_id": "15", "object_repr": " 1 l.leo Muse  500", "action_flag": 3, "change_message": ""}}, {"model": "admin.logentry", "pk": 55, "fields": {"action_time": "2022-03-28T08:11:29.934Z", "user": 1, "content_type": 1, "object_id": "14", "object_repr": " 0 toto El Dorado  500", "action_flag": 3, "change_message": ""}}, {"model": "admin.logentry", "pk": 56, "fields": {"action_time": "2022-03-28T08:11:30.088Z", "user": 1, "content_type": 1, "object_id": "13", "object_repr": " 0 l.leo El Dorado  500", "action_flag": 3, "change_message": ""}}, {"model": "admin.logentry", "pk": 57, "fields": {"action_time": "2022-03-28T08:11:30.230Z", "user": 1, "content_type": 1, "object_id": "12", "object_repr": " 0 l.leo THE SOUND OF U2  498", "action_flag": 3, "change_message": ""}}, {"model": "admin.logentry", "pk": 58, "fields": {"action_time": "2022-03-28T08:11:30.378Z", "user": 1, "content_type": 1, "object_id": "11", "object_repr": " 0 toto THE SOUND OF U2  498", "action_flag": 3, "change_message": ""}}, {"model": "admin.logentry", "pk": 59, "fields": {"action_time": "2022-03-28T08:12:18.593Z", "user": 1, "content_type": 4, "object_id": "1", "object_repr": " THE SOUND OF U2  500", "action_flag": 2, "change_message": "[{\"changed\": {\"fields\": [\"Av ticket\"]}}]"}}, {"model": "admin.logentry", "pk": 60, "fields": {"action_time": "2022-03-28T09:28:20.283Z", "user": 1, "content_type": 4, "object_id": "1", "object_repr": " THE SOUND OF U2  499", "action_flag": 2, "change_message": "[{\"changed\": {\"fields\": [\"Av ticket\"]}}]"}}, {"model": "admin.logentry", "pk": 61, "fields": {"action_time": "2022-03-28T09:30:53.922Z", "user": 1, "content_type": 1, "object_id": "22", "object_repr": " 1 l.leo THE SOUND OF U2  500", "action_flag": 2, "change_message": "[{\"changed\": {\"fields\": [\"Billets user\"]}}]"}}, {"model": "admin.logentry", "pk": 62, "fields": {"action_time": "2022-03-28T09:31:05.963Z", "user": 1, "content_type": 4, "object_id": "1", "object_repr": " THE SOUND OF U2  499", "action_flag": 2, "change_message": "[{\"changed\": {\"fields\": [\"Av ticket\"]}}]"}}, {"model": "admin.logentry", "pk": 63, "fields": {"action_time": "2022-03-28T09:31:58.658Z", "user": 1, "content_type": 1, "object_id": "23", "object_repr": " 1 l.leo THE SOUND OF U2  500", "action_flag": 2, "change_message": "[{\"changed\": {\"fields\": [\"Billets user\"]}}]"}}, {"model": "admin.logentry", "pk": 64, "fields": {"action_time": "2022-03-28T09:32:02.853Z", "user": 1, "content_type": 4, "object_id": "1", "object_repr": " THE SOUND OF U2  499", "action_flag": 2, "change_message": "[{\"changed\": {\"fields\": [\"Av ticket\"]}}]"}}, {"model": "admin.logentry", "pk": 65, "fields": {"action_time": "2022-03-28T09:40:13.350Z", "user": 1, "content_type": 4, "object_id": "1", "object_repr": " THE SOUND OF U2  500", "action_flag": 2, "change_message": "[{\"changed\": {\"fields\": [\"Av ticket\"]}}]"}}, {"model": "admin.logentry", "pk": 66, "fields": {"action_time": "2022-03-28T10:30:55.955Z", "user": 1, "content_type": 6, "object_id": "1", "object_repr": "Salle Ace", "action_flag": 1, "change_message": "[{\"added\": {}}]"}}, {"model": "admin.logentry", "pk": 67, "fields": {"action_time": "2022-03-28T10:31:16.743Z", "user": 1, "content_type": 6, "object_id": "2", "object_repr": "Salle Kheandee (-15ans only)", "action_flag": 1, "change_message": "[{\"added\": {}}]"}}, {"model": "admin.logentry", "pk": 68, "fields": {"action_time": "2022-03-28T10:31:34.915Z", "user": 1, "content_type": 6, "object_id": "3", "object_repr": "Salle San Gokool (+65 ans only)", "action_flag": 1, "change_message": "[{\"added\": {}}]"}}, {"model": "admin.logentry", "pk": 69, "fields": {"action_time": "2022-03-28T10:31:42.583Z", "user": 1, "content_type": 6, "object_id": "4", "object_repr": "Salle Mojo-Jojo", "action_flag": 1, "change_message": "[{\"added\": {}}]"}}, {"model": "admin.logentry", "pk": 70, "fields": {"action_time": "2022-03-28T10:32:10.478Z", "user": 1, "content_type": 6, "object_id": "3", "object_repr": "+65 ans only", "action_flag": 2, "change_message": "[{\"changed\": {\"fields\": [\"Hall category\"]}}]"}}, {"model": "admin.logentry", "pk": 71, "fields": {"action_time": "2022-03-28T10:32:19.738Z", "user": 1, "content_type": 6, "object_id": "4", "object_repr": "- 24 ans only", "action_flag": 2, "change_message": "[{\"changed\": {\"fields\": [\"Hall category\"]}}]"}}, {"model": "admin.logentry", "pk": 72, "fields": {"action_time": "2022-03-28T10:32:26.957Z", "user": 1, "content_type": 6, "object_id": "2", "object_repr": "-15ans only", "action_flag": 2, "change_message": "[{\"changed\": {\"fields\": [\"Hall category\"]}}]"}}, {"model": "admin.logentry", "pk": 73, "fields": {"action_time": "2022-03-28T10:32:36.331Z", "user": 1, "content_type": 6, "object_id": "1", "object_repr": "Men only", "action_flag": 2, "change_message": "[{\"changed\": {\"fields\": [\"Hall category\"]}}]"}}, {"model": "admin.logentry", "pk": 74, "fields": {"action_time": "2022-03-28T10:33:30.178Z", "user": 1, "content_type": 7, "object_id": "1", "object_repr": "Instruments", "action_flag": 1, "change_message": "[{\"added\": {}}]"}}, {"model": "admin.logentry", "pk": 75, "fields": {"action_time": "2022-03-28T10:34:23.864Z", "user": 1, "content_type": 7, "object_id": "2", "object_repr": "Materiel pour meeting", "action_flag": 1, "change_message": "[{\"added\": {}}]"}}, {"model": "admin.logentry", "pk": 76, "fields": {"action_time": "2022-03-28T10:34:41.911Z", "user": 1, "content_type": 7, "object_id": "3", "object_repr": "Matériel pour théâtre", "action_flag": 1, "change_message": "[{\"added\": {}}]"}}, {"model": "admin.logentry", "pk": 77, "fields": {"action_time": "2022-03-28T10:35:03.376Z", "user": 1, "content_type": 9, "object_id": "1", "object_repr": " Salle Kheandee 500 event.HallCategory.None", "action_flag": 1, "change_message": "[{\"added\": {}}]"}}, {"model": "admin.logentry", "pk": 78, "fields": {"action_time": "2022-03-28T10:35:28.560Z", "user": 1, "content_type": 9, "object_id": "2", "object_repr": " Salle Gokool 500 event.HallCategory.None", "action_flag": 1, "change_message": "[{\"added\": {}}]"}}, {"model": "admin.logentry", "pk": 79, "fields": {"action_time": "2022-03-28T10:35:52.240Z", "user": 1, "content_type": 9, "object_id": "3", "object_repr": " Salle Ace 500 event.HallCategory.None", "action_flag": 1, "change_message": "[{\"added\": {}}]"}}, {"model": "admin.logentry", "pk": 80, "fields": {"action_time": "2022-03-28T10:36:41.817Z", "user": 1, "content_type": 9, "object_id": "4", "object_repr": " Salle Mojo 500 event.HallCategory.None", "action_flag": 1, "change_message": "[{\"added\": {}}]"}}, {"model": "admin.logentry", "pk": 81, "fields": {"action_time": "2022-03-28T12:59:05.719Z", "user": 1, "content_type": 2, "object_id": "13", "object_repr": "Daler Mehndi Chanteur", "action_flag": 1, "change_message": "[{\"added\": {}}]"}}, {"model": "admin.logentry", "pk": 82, "fields": {"action_time": "2022-03-28T12:59:56.793Z", "user": 1, "content_type": 10, "object_id": "5", "object_repr": "Daler Mehndi Indian musique", "action_flag": 1, "change_message": "[{\"added\": {}}]"}}, {"model": "admin.logentry", "pk": 83, "fields": {"action_time": "2022-03-28T13:00:54.899Z", "user": 1, "content_type": 4, "object_id": "5", "object_repr": " Tunak Tunak Tun  500", "action_flag": 1, "change_message": "[{\"added\": {}}]"}}, {"model": "admin.logentry", "pk": 84, "fields": {"action_time": "2022-03-28T13:03:50.214Z", "user": 1, "content_type": 2, "object_id": "14", "object_repr": "Rahis Bharti Chanteur", "action_flag": 1, "change_message": "[{\"added\": {}}]"}}, {"model": "admin.logentry", "pk": 85, "fields": {"action_time": "2022-03-28T13:04:30.974Z", "user": 1, "content_type": 10, "object_id": "6", "object_repr": "Bollywood Masala Orchestra Indian musique", "action_flag": 1, "change_message": "[{\"added\": {}}]"}}, {"model": "admin.logentry", "pk": 86, "fields": {"action_time": "2022-03-28T13:06:05.630Z", "user": 1, "content_type": 4, "object_id": "6", "object_repr": " Bollywood Masala Show  500", "action_flag": 1, "change_message": "[{\"added\": {}}]"}}, {"model": "admin.logentry", "pk": 87, "fields": {"action_time": "2022-03-28T13:11:23.479Z", "user": 1, "content_type": 2, "object_id": "15", "object_repr": "Sylvain Durif Intervenant", "action_flag": 1, "change_message": "[{\"added\": {}}]"}}, {"model": "admin.logentry", "pk": 88, "fields": {"action_time": "2022-03-28T13:12:28.682Z", "user": 1, "content_type": 10, "object_id": "7", "object_repr": "Le grand Monarque Intervenant Politique", "action_flag": 1, "change_message": "[{\"added\": {}}]"}}, {"model": "admin.logentry", "pk": 89, "fields": {"action_time": "2022-03-28T13:13:58.867Z", "user": 1, "content_type": 4, "object_id": "7", "object_repr": " Le Christ Cosmique  5", "action_flag": 1, "change_message": "[{\"added\": {}}]"}}, {"model": "admin.logentry", "pk": 90, "fields": {"action_time": "2022-03-28T13:16:48.546Z", "user": 1, "content_type": 2, "object_id": "16", "object_repr": "Eddy Malou Scientifique", "action_flag": 1, "change_message": "[{\"added\": {}}]"}}, {"model": "admin.logentry", "pk": 91, "fields": {"action_time": "2022-03-28T13:18:56.112Z", "user": 1, "content_type": 10, "object_id": "8", "object_repr": "Savant de la République démocratique du Congo Sciences politiques du Congo", "action_flag": 1, "change_message": "[{\"added\": {}}]"}}, {"model": "admin.logentry", "pk": 92, "fields": {"action_time": "2022-03-28T13:20:31.183Z", "user": 1, "content_type": 4, "object_id": "8", "object_repr": " La congolexicomatisation des lois du marché  300", "action_flag": 1, "change_message": "[{\"added\": {}}]"}}, {"model": "auth.permission", "pk": 1, "fields": {"name": "Can add achat", "content_type": 1, "codename": "add_achat"}}, {"model": "auth.permission", "pk": 2, "fields": {"name": "Can change achat", "content_type": 1, "codename": "change_achat"}}, {"model": "auth.permission", "pk": 3, "fields": {"name": "Can delete achat", "content_type": 1, "codename": "delete_achat"}}, {"model": "auth.permission", "pk": 4, "fields": {"name": "Can view achat", "content_type": 1, "codename": "view_achat"}}, {"model": "auth.permission", "pk": 5, "fields": {"name": "Can add artist", "content_type": 2, "codename": "add_artist"}}, {"model": "auth.permission", "pk": 6, "fields": {"name": "Can change artist", "content_type": 2, "codename": "change_artist"}}, {"model": "auth.permission", "pk": 7, "fields": {"name": "Can delete artist", "content_type": 2, "codename": "delete_artist"}}, {"model": "auth.permission", "pk": 8, "fields": {"name": "Can view artist", "content_type": 2, "codename": "view_artist"}}, {"model": "auth.permission", "pk": 9, "fields": {"name": "Can add contact", "content_type": 3, "codename": "add_contact"}}, {"model": "auth.permission", "pk": 10, "fields": {"name": "Can change contact", "content_type": 3, "codename": "change_contact"}}, {"model": "auth.permission", "pk": 11, "fields": {"name": "Can delete contact", "content_type": 3, "codename": "delete_contact"}}, {"model": "auth.permission", "pk": 12, "fields": {"name": "Can view contact", "content_type": 3, "codename": "view_contact"}}, {"model": "auth.permission", "pk": 13, "fields": {"name": "Can add events", "content_type": 4, "codename": "add_events"}}, {"model": "auth.permission", "pk": 14, "fields": {"name": "Can change events", "content_type": 4, "codename": "change_events"}}, {"model": "auth.permission", "pk": 15, "fields": {"name": "Can delete events", "content_type": 4, "codename": "delete_events"}}, {"model": "auth.permission", "pk": 16, "fields": {"name": "Can view events", "content_type": 4, "codename": "view_events"}}, {"model": "auth.permission", "pk": 17, "fields": {"name": "Can add event type", "content_type": 5, "codename": "add_eventtype"}}, {"model": "auth.permission", "pk": 18, "fields": {"name": "Can change event type", "content_type": 5, "codename": "change_eventtype"}}, {"model": "auth.permission", "pk": 19, "fields": {"name": "Can delete event type", "content_type": 5, "codename": "delete_eventtype"}}, {"model": "auth.permission", "pk": 20, "fields": {"name": "Can view event type", "content_type": 5, "codename": "view_eventtype"}}, {"model": "auth.permission", "pk": 21, "fields": {"name": "Can add hall category", "content_type": 6, "codename": "add_hallcategory"}}, {"model": "auth.permission", "pk": 22, "fields": {"name": "Can change hall category", "content_type": 6, "codename": "change_hallcategory"}}, {"model": "auth.permission", "pk": 23, "fields": {"name": "Can delete hall category", "content_type": 6, "codename": "delete_hallcategory"}}, {"model": "auth.permission", "pk": 24, "fields": {"name": "Can view hall category", "content_type": 6, "codename": "view_hallcategory"}}, {"model": "auth.permission", "pk": 25, "fields": {"name": "Can add material", "content_type": 7, "codename": "add_material"}}, {"model": "auth.permission", "pk": 26, "fields": {"name": "Can change material", "content_type": 7, "codename": "change_material"}}, {"model": "auth.permission", "pk": 27, "fields": {"name": "Can delete material", "content_type": 7, "codename": "delete_material"}}, {"model": "auth.permission", "pk": 28, "fields": {"name": "Can view material", "content_type": 7, "codename": "view_material"}}, {"model": "auth.permission", "pk": 29, "fields": {"name": "Can add users", "content_type": 8, "codename": "add_users"}}, {"model": "auth.permission", "pk": 30, "fields": {"name": "Can change users", "content_type": 8, "codename": "change_users"}}, {"model": "auth.permission", "pk": 31, "fields": {"name": "Can delete users", "content_type": 8, "codename": "delete_users"}}, {"model": "auth.permission", "pk": 32, "fields": {"name": "Can view users", "content_type": 8, "codename": "view_users"}}, {"model": "auth.permission", "pk": 33, "fields": {"name": "Can add halls", "content_type": 9, "codename": "add_halls"}}, {"model": "auth.permission", "pk": 34, "fields": {"name": "Can change halls", "content_type": 9, "codename": "change_halls"}}, {"model": "auth.permission", "pk": 35, "fields": {"name": "Can delete halls", "content_type": 9, "codename": "delete_halls"}}, {"model": "auth.permission", "pk": 36, "fields": {"name": "Can view halls", "content_type": 9, "codename": "view_halls"}}, {"model": "auth.permission", "pk": 37, "fields": {"name": "Can add groups", "content_type": 10, "codename": "add_groups"}}, {"model": "auth.permission", "pk": 38, "fields": {"name": "Can change groups", "content_type": 10, "codename": "change_groups"}}, {"model": "auth.permission", "pk": 39, "fields": {"name": "Can delete groups", "content_type": 10, "codename": "delete_groups"}}, {"model": "auth.permission", "pk": 40, "fields": {"name": "Can view groups", "content_type": 10, "codename": "view_groups"}}, {"model": "auth.permission", "pk": 41, "fields": {"name": "Can add log entry", "content_type": 11, "codename": "add_logentry"}}, {"model": "auth.permission", "pk": 42, "fields": {"name": "Can change log entry", "content_type": 11, "codename": "change_logentry"}}, {"model": "auth.permission", "pk": 43, "fields": {"name": "Can delete log entry", "content_type": 11, "codename": "delete_logentry"}}, {"model": "auth.permission", "pk": 44, "fields": {"name": "Can view log entry", "content_type": 11, "codename": "view_logentry"}}, {"model": "auth.permission", "pk": 45, "fields": {"name": "Can add permission", "content_type": 12, "codename": "add_permission"}}, {"model": "auth.permission", "pk": 46, "fields": {"name": "Can change permission", "content_type": 12, "codename": "change_permission"}}, {"model": "auth.permission", "pk": 47, "fields": {"name": "Can delete permission", "content_type": 12, "codename": "delete_permission"}}, {"model": "auth.permission", "pk": 48, "fields": {"name": "Can view permission", "content_type": 12, "codename": "view_permission"}}, {"model": "auth.permission", "pk": 49, "fields": {"name": "Can add group", "content_type": 13, "codename": "add_group"}}, {"model": "auth.permission", "pk": 50, "fields": {"name": "Can change group", "content_type": 13, "codename": "change_group"}}, {"model": "auth.permission", "pk": 51, "fields": {"name": "Can delete group", "content_type": 13, "codename": "delete_group"}}, {"model": "auth.permission", "pk": 52, "fields": {"name": "Can view group", "content_type": 13, "codename": "view_group"}}, {"model": "auth.permission", "pk": 53, "fields": {"name": "Can add user", "content_type": 14, "codename": "add_user"}}, {"model": "auth.permission", "pk": 54, "fields": {"name": "Can change user", "content_type": 14, "codename": "change_user"}}, {"model": "auth.permission", "pk": 55, "fields": {"name": "Can delete user", "content_type": 14, "codename": "delete_user"}}, {"model": "auth.permission", "pk": 56, "fields": {"name": "Can view user", "content_type": 14, "codename": "view_user"}}, {"model": "auth.permission", "pk": 57, "fields": {"name": "Can add content type", "content_type": 15, "codename": "add_contenttype"}}, {"model": "auth.permission", "pk": 58, "fields": {"name": "Can change content type", "content_type": 15, "codename": "change_contenttype"}}, {"model": "auth.permission", "pk": 59, "fields": {"name": "Can delete content type", "content_type": 15, "codename": "delete_contenttype"}}, {"model": "auth.permission", "pk": 60, "fields": {"name": "Can view content type", "content_type": 15, "codename": "view_contenttype"}}, {"model": "auth.permission", "pk": 61, "fields": {"name": "Can add session", "content_type": 16, "codename": "add_session"}}, {"model": "auth.permission", "pk": 62, "fields": {"name": "Can change session", "content_type": 16, "codename": "change_session"}}, {"model": "auth.permission", "pk": 63, "fields": {"name": "Can delete session", "content_type": 16, "codename": "delete_session"}}, {"model": "auth.permission", "pk": 64, "fields": {"name": "Can view session", "content_type": 16, "codename": "view_session"}}, {"model": "auth.user", "pk": 1, "fields": {"password": "pbkdf2_sha256$320000$DQeogVSZj31FwsMKNVj8DS$XDkZ33roEZ7ow9VjuIHcHSkXAPLvXFvq4Cf/AT3m+8g=", "last_login": "2022-03-28T18:31:37.791Z", "is_superuser": true, "username": "admin", "first_name": "", "last_name": "", "email": "", "is_staff": true, "is_active": true, "date_joined": "2022-03-26T16:59:56.138Z", "groups": [], "user_permissions": []}}, {"model": "auth.user", "pk": 6, "fields": {"password": "pbkdf2_sha256$260000$lv7NWvhQcEWgsVbrN4OI6S$h9rw/MoaN9aBgQzIzlLgLcXJMkdAPhnLdK8FRHy3Lbg=", "last_login": "2022-03-28T13:33:42.285Z", "is_superuser": false, "username": "l.leo", "first_name": "leo", "last_name": "leo", "email": "leo", "is_staff": false, "is_active": true, "date_joined": "2022-03-27T19:01:40.543Z", "groups": [], "user_permissions": []}}, {"model": "auth.user", "pk": 7, "fields": {"password": "pbkdf2_sha256$260000$uOWbyWUMUdatLhFN361n6O$ED02H7eqAU6NfMicVgqjwtCLci3v6QCPkEsYEcp7pd4=", "last_login": null, "is_superuser": false, "username": "toto", "first_name": "", "last_name": "", "email": "toto", "is_staff": false, "is_active": true, "date_joined": "2022-03-28T07:39:05.822Z", "groups": [], "user_permissions": []}}, {"model": "contenttypes.contenttype", "pk": 1, "fields": {"app_label": "event", "model": "achat"}}, {"model": "contenttypes.contenttype", "pk": 2, "fields": {"app_label": "event", "model": "artist"}}, {"model": "contenttypes.contenttype", "pk": 3, "fields": {"app_label": "event", "model": "contact"}}, {"model": "contenttypes.contenttype", "pk": 4, "fields": {"app_label": "event", "model": "events"}}, {"model": "contenttypes.contenttype", "pk": 5, "fields": {"app_label": "event", "model": "eventtype"}}, {"model": "contenttypes.contenttype", "pk": 6, "fields": {"app_label": "event", "model": "hallcategory"}}, {"model": "contenttypes.contenttype", "pk": 7, "fields": {"app_label": "event", "model": "material"}}, {"model": "contenttypes.contenttype", "pk": 8, "fields": {"app_label": "event", "model": "users"}}, {"model": "contenttypes.contenttype", "pk": 9, "fields": {"app_label": "event", "model": "halls"}}, {"model": "contenttypes.contenttype", "pk": 10, "fields": {"app_label": "event", "model": "groups"}}, {"model": "contenttypes.contenttype", "pk": 11, "fields": {"app_label": "admin", "model": "logentry"}}, {"model": "contenttypes.contenttype", "pk": 12, "fields": {"app_label": "auth", "model": "permission"}}, {"model": "contenttypes.contenttype", "pk": 13, "fields": {"app_label": "auth", "model": "group"}}, {"model": "contenttypes.contenttype", "pk": 14, "fields": {"app_label": "auth", "model": "user"}}, {"model": "contenttypes.contenttype", "pk": 15, "fields": {"app_label": "contenttypes", "model": "contenttype"}}, {"model": "contenttypes.contenttype", "pk": 16, "fields": {"app_label": "sessions", "model": "session"}}, {"model": "sessions.session", "pk": "0ko79ntpl510etagqmgrqxjmnmw2mff0", "fields": {"session_data": ".eJxVjMsOwiAQRf-FtSEwPNq6dO83EIYZpGogKe3K-O_apAvd3nPOfYkQt7WErfMSZhJnocXpd8OYHlx3QPdYb02mVtdlRrkr8qBdXhvx83K4fwcl9vKtvXJGRfYZjBsILAMiZq8AjZpgymQRTDY46HEkp40mAAuJowN2Nifx_gDPJDeH:1nYY9X:2ao5gzLIYrzr-_fFvV0Kv4HO391anQR2uS77ADi_URQ", "expire_date": "2022-04-10T19:02:15.293Z"}}, {"model": "sessions.session", "pk": "9dbg1a0c3hqt8dxo3quezqmic3cr2dka", "fields": {"session_data": ".eJxVjDsOwjAQRO_iGln-BduU9JzB2vWucQA5UpxUiLuTSClA0817M2-RYF1qWjvPaSRxEVqcfjuE_OS2A3pAu08yT22ZR5S7Ig_a5W0ifl0P9--gQq_bmr0OwWTrNWfvkAnOCtDELWAB4kABdaGiVLTFWpe5KMPFRMJiw-DE5wvwZzhf:1nYu9R:975bZI8bgJ7Dtjm9txW1MdrX5m7BEtr1xJKPh_eU538", "expire_date": "2022-04-11T18:31:37.803Z"}}, {"model": "sessions.session", "pk": "cmghk0u2gszn6ofab141d7a0bskrnvy8", "fields": {"session_data": ".eJxVjMsOwiAQRf-FtSEwPNq6dO83EIYZpGogKe3K-O_apAvd3nPOfYkQt7WErfMSZhJnocXpd8OYHlx3QPdYb02mVtdlRrkr8qBdXhvx83K4fwcl9vKtvXJGRfYZjBsILAMiZq8AjZpgymQRTDY46HEkp40mAAuJowN2Nifx_gDPJDeH:1nYlTV:5KCzjY8ri0JOvYaBGEyaP_taDzwl7zt7aVL42AHnqDs", "expire_date": "2022-04-11T09:15:45.176Z"}}, {"model": "sessions.session", "pk": "eo2r43z71n71uyq5dg9eu1clbq6q47gc", "fields": {"session_data": ".eJxVjDsOwjAQBe_iGln-rH-U9JzBWttrHECOFCcV4u4QKQW0b2bei0Xc1ha3QUucCjszy06_W8L8oL6Dcsd-m3me-7pMie8KP-jg17nQ83K4fwcNR_vWxkCoqlKuPmsHFUAbbYmEAm-1AgAXRJKeStXeocogpfMiFeWMQBfY-wPIPDbI:1nYpV8:BDsTF0a3EJmAaERtZe5Z15nMi20GSk99niuULub54c0", "expire_date": "2022-04-11T13:33:42.426Z"}}, {"model": "sessions.session", "pk": "u8cin5xrxs4hclmhwpqy66igib6asxir", "fields": {"session_data": "e30:1nYTL5:77YVOXZyGZIWY4olhqkVoi8kYnbwurxqylpmU-wXCW8", "expire_date": "2022-04-10T13:53:51.426Z"}}]